B,0,752724879631186,1000000000,15:24:53:55.906,0
V,0,752724879631186,1000000000,15:24:53:55.906,0
A,0,752724879631186,1000000000,15:24:53:55.906,0
B,1,752724896335678,1000000000,15:24:53:56.908,0
V,1,752724896335678,1000000000,15:24:53:56.908,0
B,2,752724913029041,1000000000,15:24:53:57.908,0
V,2,752724913029041,1000000000,15:24:53:57.908,0
B,3,752724929712492,1000000000,15:24:53:58.909,0
V,3,752724929712492,1000000000,15:24:53:58.909,0
B,4,752724946412899,1000000000,15:24:53:59.911,0
V,4,752724946412899,1000000000,15:24:53:59.911,0
B,5,752724963107226,1000000000,15:24:54:00.913,0
V,5,752724963107226,1000000000,15:24:54:00.913,0
B,6,752724979802968,1000000000,15:24:54:01.915,0
V,6,752724979802968,1000000000,15:24:54:01.915,0
B,7,752724996496413,1000000000,15:24:54:02.917,0
V,7,752724996496413,1000000000,15:24:54:02.917,0
B,8,752725013187905,1000000000,15:24:54:03.918,0
V,8,752725013187905,1000000000,15:24:54:03.918,0
B,9,752725029884482,1000000000,15:24:54:04.920,0
V,9,752725029884482,1000000000,15:24:54:04.920,0
B,10,752725046568974,1000000000,15:24:54:05.921,0
V,10,752725046568974,1000000000,15:24:54:05.921,0
B,11,752725063260341,1000000000,15:24:54:06.925,0
V,11,752725063260341,1000000000,15:24:54:06.925,0
B,12,752725079953577,1000000000,15:24:54:07.924,0
V,12,752725079953577,1000000000,15:24:54:07.924,0
B,13,752725096654737,1000000000,15:24:54:08.926,0
V,13,752725096654737,1000000000,15:24:54:08.926,0
B,14,752725113349688,1000000000,15:24:54:09.927,0
V,14,752725113349688,1000000000,15:24:54:09.927,0
B,15,752725130042430,1000000000,15:24:54:10.929,0
V,15,752725130042430,1000000000,15:24:54:10.929,0
B,16,752725146735666,1000000000,15:24:54:11.931,0
V,16,752725146735666,1000000000,15:24:54:11.931,0
B,17,752725163423283,1000000000,15:24:54:12.932,0
V,17,752725163423283,1000000000,15:24:54:12.932,0
B,18,752725180119691,1000000000,15:24:54:13.934,0
V,18,752725180119691,1000000000,15:24:54:13.934,0
B,19,752725196819933,1000000000,15:24:54:14.936,0
V,19,752725196819933,1000000000,15:24:54:14.936,0
B,20,752725213504592,1000000000,15:24:54:15.936,0
V,20,752725213504592,1000000000,15:24:54:15.936,0
B,21,752725230197996,1000000000,15:24:54:16.939,0
V,21,752725230197996,1000000000,15:24:54:16.939,0
B,22,752725246899113,1000000000,15:24:54:17.939,0
V,22,752725246899113,1000000000,15:24:54:17.939,0
B,23,752725263583731,1000000000,15:24:54:18.942,0
V,23,752725263583731,1000000000,15:24:54:18.942,0
B,24,752725280282306,1000000000,15:24:54:19.943,0
V,24,752725280282306,1000000000,15:24:54:19.943,0
B,25,752725296975709,1000000000,15:24:54:20.946,0
V,25,752725296975709,1000000000,15:24:54:20.946,0
B,26,752725313660240,1000000000,15:24:54:21.947,0
V,26,752725313660240,1000000000,15:24:54:21.947,0
B,27,752725330352233,1000000000,15:24:54:22.947,0
V,27,752725330352233,1000000000,15:24:54:22.947,0
B,28,752725347049308,1000000000,15:24:54:23.950,0
V,28,752725347049308,1000000000,15:24:54:23.950,0
B,29,752725363738633,1000000000,15:24:54:24.953,0
V,29,752725363738633,1000000000,15:24:54:24.953,0
B,30,752725380431913,1000000000,15:24:54:25.953,0
V,30,752725380431913,1000000000,15:24:54:25.953,0
B,31,752725397133529,1000000000,15:24:54:26.955,0
V,31,752725397133529,1000000000,15:24:54:26.955,0
B,32,752725413819855,1000000000,15:24:54:27.955,0
V,32,752725413819855,1000000000,15:24:54:27.955,0
B,33,752725430521638,1000000000,15:24:54:28.957,0
V,33,752725430521638,1000000000,15:24:54:28.957,0
B,34,752725447214915,1000000000,15:24:54:29.959,0
V,34,752725447214915,1000000000,15:24:54:29.959,0
B,35,752725463896366,1000000000,15:24:54:30.961,0
V,35,752725463896366,1000000000,15:24:54:30.961,0
B,36,752725480599734,1000000000,15:24:54:31.962,0
V,36,752725480599734,1000000000,15:24:54:31.962,0
B,37,752725497290559,1000000000,15:24:54:32.964,0
V,37,752725497290559,1000000000,15:24:54:32.964,0
B,38,752725513980301,1000000000,15:24:54:33.965,0
V,38,752725513980301,1000000000,15:24:54:33.965,0
B,39,752725530673663,1000000000,15:24:54:34.967,0
V,39,752725530673663,1000000000,15:24:54:34.967,0
B,40,752725547366529,1000000000,15:24:54:35.969,0
V,40,752725547366529,1000000000,15:24:54:35.969,0
B,41,752725564061273,1000000000,15:24:54:36.970,0
V,41,752725564061273,1000000000,15:24:54:36.970,0
B,42,752725580763722,1000000000,15:24:54:37.971,0
V,42,752725580763722,1000000000,15:24:54:37.971,0
B,43,752725597446382,1000000000,15:24:54:38.974,0
V,43,752725597446382,1000000000,15:24:54:38.974,0
B,44,752725614139703,1000000000,15:24:54:39.975,0
V,44,752725614139703,1000000000,15:24:54:39.975,0
B,45,752725630837617,1000000000,15:24:54:40.977,0
V,45,752725630837617,1000000000,15:24:54:40.977,0
B,46,752725647535816,1000000000,15:24:54:41.978,0
V,46,752725647535816,1000000000,15:24:54:41.978,0
B,47,752725664231018,1000000000,15:24:54:42.979,0
V,47,752725664231018,1000000000,15:24:54:42.979,0
B,48,752725680924337,1000000000,15:24:54:43.981,0
V,48,752725680924337,1000000000,15:24:54:43.981,0
B,49,752725697605871,1000000000,15:24:54:44.984,0
V,49,752725697605871,1000000000,15:24:54:44.984,0
B,50,752725714307447,1000000000,15:24:54:45.984,0
V,50,752725714307447,1000000000,15:24:54:45.984,0
B,51,752725731004939,1000000000,15:24:54:46.986,0
V,51,752725731004939,1000000000,15:24:54:46.986,0
B,52,752725747692389,1000000000,15:24:54:47.987,0
V,52,752725747692389,1000000000,15:24:54:47.987,0
B,53,752725764385750,1000000000,15:24:54:48.989,0
V,53,752725764385750,1000000000,15:24:54:48.989,0
B,54,752725781080951,1000000000,15:24:54:49.990,0
V,54,752725781080951,1000000000,15:24:54:49.990,0
B,55,752725797776067,1000000000,15:24:54:50.993,0
V,55,752725797776067,1000000000,15:24:54:50.993,0
B,56,752725814467061,1000000000,15:24:54:51.994,0
V,56,752725814467061,1000000000,15:24:54:51.994,0
B,57,752725831160420,1000000000,15:24:54:52.996,0
V,57,752725831160420,1000000000,15:24:54:52.996,0
B,58,752725847849080,1000000000,15:24:54:53.997,0
V,58,752725847849080,1000000000,15:24:54:53.997,0
B,59,752725864539906,1000000000,15:24:54:54.999,0
V,59,752725864539906,1000000000,15:24:54:54.999,0
B,60,752725881239564,1000000000,15:24:54:56.000,0
V,60,752725881239564,1000000000,15:24:54:56.000,0
B,61,752725897937641,1000000000,15:24:54:57.002,0
V,61,752725897937641,1000000000,15:24:54:57.002,0
B,62,752725914630960,1000000000,15:24:54:58.004,0
V,62,752725914630960,1000000000,15:24:54:58.004,0
B,63,752725931311787,1000000000,15:24:54:59.006,0
V,63,752725931311787,1000000000,15:24:54:59.006,0
B,64,752725948005362,1000000000,15:24:55:00.007,0
V,64,752725948005362,1000000000,15:24:55:00.007,0
B,65,752725964695688,1000000000,15:24:55:01.008,0
V,65,752725964695688,1000000000,15:24:55:01.008,0
B,66,752725981389049,1000000000,15:24:55:02.010,0
V,66,752725981389049,1000000000,15:24:55:02.010,0
B,67,752725998097832,1000000000,15:24:55:03.012,0
V,67,752725998097832,1000000000,15:24:55:03.012,0
B,68,752726014775618,1000000000,15:24:55:04.013,0
V,68,752726014775618,1000000000,15:24:55:04.013,0
B,69,752726031486859,1000000000,15:24:55:05.015,0
V,69,752726031486859,1000000000,15:24:55:05.015,0
B,70,752726048173352,1000000000,15:24:55:06.016,0
V,70,752726048173352,1000000000,15:24:55:06.016,0
B,71,752726064866670,1000000000,15:24:55:07.018,0
V,71,752726064866670,1000000000,15:24:55:07.018,0
B,72,752726081552246,1000000000,15:24:55:08.020,0
V,72,752726081552246,1000000000,15:24:55:08.020,0
B,73,752726098242863,1000000000,15:24:55:09.022,0
V,73,752726098242863,1000000000,15:24:55:09.022,0
B,74,752726114941398,1000000000,15:24:55:10.023,0
V,74,752726114941398,1000000000,15:24:55:10.023,0
B,75,752726131634717,1000000000,15:24:55:11.024,0
V,75,752726131634717,1000000000,15:24:55:11.024,0
B,76,752726148328876,1000000000,15:24:55:12.026,0
V,76,752726148328876,1000000000,15:24:55:12.026,0
B,77,752726165029452,1000000000,15:24:55:13.027,0
V,77,752726165029452,1000000000,15:24:55:13.027,0
B,78,752726181713819,1000000000,15:24:55:14.029,0
V,78,752726181713819,1000000000,15:24:55:14.029,0
B,79,752726198412813,1000000000,15:24:55:15.030,0
V,79,752726198412813,1000000000,15:24:55:15.030,0
B,80,752726215106172,1000000000,15:24:55:16.032,0
V,80,752726215106172,1000000000,15:24:55:16.032,0
B,81,752726231794081,1000000000,15:24:55:17.034,0
V,81,752726231794081,1000000000,15:24:55:17.034,0
B,82,752726248483991,1000000000,15:24:55:18.036,0
V,82,752726248483991,1000000000,15:24:55:18.036,0
B,83,752726265180107,1000000000,15:24:55:19.037,0
V,83,752726265180107,1000000000,15:24:55:19.037,0
B,84,752726281870934,1000000000,15:24:55:20.038,0
V,84,752726281870934,1000000000,15:24:55:20.038,0
B,85,752726298564211,1000000000,15:24:55:21.040,0
V,85,752726298564211,1000000000,15:24:55:21.040,0
B,86,752726315258204,1000000000,15:24:55:22.042,0
V,86,752726315258204,1000000000,15:24:55:22.042,0
B,87,752726331946529,1000000000,15:24:55:23.043,0
V,87,752726331946529,1000000000,15:24:55:23.043,0
B,88,752726348643605,1000000000,15:24:55:24.045,0
V,88,752726348643605,1000000000,15:24:55:24.045,0
B,89,752726365336715,1000000000,15:24:55:25.046,0
V,89,752726365336715,1000000000,15:24:55:25.046,0
B,90,752726382026916,1000000000,15:24:55:26.048,0
V,90,752726382026916,1000000000,15:24:55:26.048,0
B,91,752726398726200,1000000000,15:24:55:27.050,0
V,91,752726398726200,1000000000,15:24:55:27.050,0
B,92,752726415425652,1000000000,15:24:55:28.051,0
V,92,752726415425652,1000000000,15:24:55:28.051,0
B,93,752726432113561,1000000000,15:24:55:29.052,0
V,93,752726432113561,1000000000,15:24:55:29.052,0
B,94,752726448806879,1000000000,15:24:55:30.054,0
V,94,752726448806879,1000000000,15:24:55:30.054,0
B,95,752726465497872,1000000000,15:24:55:31.056,0
V,95,752726465497872,1000000000,15:24:55:31.056,0
B,96,752726482188365,1000000000,15:24:55:32.058,0
V,96,752726482188365,1000000000,15:24:55:32.058,0
B,97,752726498879190,1000000000,15:24:55:33.059,0
V,97,752726498879190,1000000000,15:24:55:33.059,0
B,98,752726515572426,1000000000,15:24:55:34.061,0
V,98,752726515572426,1000000000,15:24:55:34.061,0
B,99,752726532274667,1000000000,15:24:55:35.062,0
V,99,752726532274667,1000000000,15:24:55:35.062,0
B,100,752726548960618,1000000000,15:24:55:36.066,0
V,100,752726548960618,1000000000,15:24:55:36.066,0
B,101,752726565651403,1000000000,15:24:55:37.064,0
V,101,752726565651403,1000000000,15:24:55:37.064,0
B,102,752726582354395,1000000000,15:24:55:38.066,0
V,102,752726582354395,1000000000,15:24:55:38.066,0
B,103,752726599048047,1000000000,15:24:55:39.068,0
V,103,752726599048047,1000000000,15:24:55:39.068,0
B,104,752726615736416,1000000000,15:24:55:40.069,0
V,104,752726615736416,1000000000,15:24:55:40.069,0
B,105,752726632429117,1000000000,15:24:55:41.072,0
V,105,752726632429117,1000000000,15:24:55:41.072,0
B,106,752726649123026,1000000000,15:24:55:42.072,0
V,106,752726649123026,1000000000,15:24:55:42.072,0
B,107,752726665816303,1000000000,15:24:55:43.074,0
V,107,752726665816303,1000000000,15:24:55:43.074,0
B,108,752726682512253,1000000000,15:24:55:44.076,0
V,108,752726682512253,1000000000,15:24:55:44.076,0
B,109,752726699205788,1000000000,15:24:55:45.078,0
V,109,752726699205788,1000000000,15:24:55:45.078,0
B,110,752726715902488,1000000000,15:24:55:46.079,0
V,110,752726715902488,1000000000,15:24:55:46.079,0
B,111,752726732595482,1000000000,15:24:55:47.081,0
V,111,752726732595482,1000000000,15:24:55:47.081,0
B,112,752726749288800,1000000000,15:24:55:48.083,0
V,112,752726749288800,1000000000,15:24:55:48.083,0
B,113,752726765974585,1000000000,15:24:55:49.085,0
V,113,752726765974585,1000000000,15:24:55:49.085,0
B,114,752726782670202,1000000000,15:24:55:50.086,0
V,114,752726782670202,1000000000,15:24:55:50.086,0
B,115,752726799376820,1000000000,15:24:55:51.088,0
V,115,752726799376820,1000000000,15:24:55:51.088,0
B,116,752726816057895,1000000000,15:24:55:52.089,0
V,116,752726816057895,1000000000,15:24:55:52.089,0
B,117,752726832751213,1000000000,15:24:55:53.091,0
V,117,752726832751213,1000000000,15:24:55:53.091,0
B,118,752726849437248,1000000000,15:24:55:54.091,0
V,118,752726849437248,1000000000,15:24:55:54.091,0
B,119,752726866136033,1000000000,15:24:55:55.094,0
V,119,752726866136033,1000000000,15:24:55:55.094,0
B,120,752726882841442,1000000000,15:24:55:56.095,0
V,120,752726882841442,1000000000,15:24:55:56.095,0
B,121,752726899534801,1000000000,15:24:55:57.097,0
V,121,752726899534801,1000000000,15:24:55:57.097,0
B,122,752726916216377,1000000000,15:24:55:58.099,0
V,122,752726916216377,1000000000,15:24:55:58.099,0
B,123,752726932905744,1000000000,15:24:55:59.100,0
V,123,752726932905744,1000000000,15:24:55:59.100,0
B,124,752726949597364,1000000000,15:24:56:00.103,0
V,124,752726949597364,1000000000,15:24:56:00.103,0
B,125,752726966297564,1000000000,15:24:56:01.103,0
V,125,752726966297564,1000000000,15:24:56:01.103,0
B,126,752726982990922,1000000000,15:24:56:02.104,0
V,126,752726982990922,1000000000,15:24:56:02.104,0
B,127,752726999682040,1000000000,15:24:56:03.107,0
V,127,752726999682040,1000000000,15:24:56:03.107,0
B,128,752727016378533,1000000000,15:24:56:04.109,0
V,128,752727016378533,1000000000,15:24:56:04.109,0
B,129,752727033083442,1000000000,15:24:56:05.110,0
V,129,752727033083442,1000000000,15:24:56:05.110,0
B,130,752727049776678,1000000000,15:24:56:06.110,0
V,130,752727049776678,1000000000,15:24:56:06.110,0
B,131,752727066467170,1000000000,15:24:56:07.113,0
V,131,752727066467170,1000000000,15:24:56:07.113,0
B,132,752727083147996,1000000000,15:24:56:08.115,0
V,132,752727083147996,1000000000,15:24:56:08.115,0
B,133,752727099856155,1000000000,15:24:56:09.116,0
V,133,752727099856155,1000000000,15:24:56:09.116,0
B,134,752727116534730,1000000000,15:24:56:10.117,0
V,134,752727116534730,1000000000,15:24:56:10.117,0
B,135,752727133228007,1000000000,15:24:56:11.119,0
V,135,752727133228007,1000000000,15:24:56:11.119,0
B,136,752727149916501,1000000000,15:24:56:12.121,0
V,136,752727149916501,1000000000,15:24:56:12.121,0
B,137,752727166629951,1000000000,15:24:56:13.123,0
V,137,752727166629951,1000000000,15:24:56:13.123,0
B,138,752727183311402,1000000000,15:24:56:14.124,0
V,138,752727183311402,1000000000,15:24:56:14.124,0
B,139,752727200000562,1000000000,15:24:56:15.125,0
V,139,752727200000562,1000000000,15:24:56:15.125,0
B,140,752727216693963,1000000000,15:24:56:16.127,0
V,140,752727216693963,1000000000,15:24:56:16.127,0
B,141,752727233397747,1000000000,15:24:56:17.129,0
V,141,752727233397747,1000000000,15:24:56:17.129,0
B,142,752727250087032,1000000000,15:24:56:18.129,0
V,142,752727250087032,1000000000,15:24:56:18.129,0
B,143,752727266769066,1000000000,15:24:56:19.132,0
V,143,752727266769066,1000000000,15:24:56:19.132,0
B,144,752727283462425,1000000000,15:24:56:20.134,0
V,144,752727283462425,1000000000,15:24:56:20.134,0
B,145,752727300175334,1000000000,15:24:56:21.136,0
V,145,752727300175334,1000000000,15:24:56:21.136,0
B,146,752727316867620,1000000000,15:24:56:22.137,0
V,146,752727316867620,1000000000,15:24:56:22.137,0
B,147,752727333552196,1000000000,15:24:56:23.138,0
V,147,752727333552196,1000000000,15:24:56:23.138,0
B,148,752727350248313,1000000000,15:24:56:24.139,0
V,148,752727350248313,1000000000,15:24:56:24.139,0
B,149,752727366941714,1000000000,15:24:56:25.142,0
V,149,752727366941714,1000000000,15:24:56:25.142,0
B,150,752727383641499,1000000000,15:24:56:26.142,0
V,150,752727383641499,1000000000,15:24:56:26.142,0
B,151,752727400327158,1000000000,15:24:56:27.144,0
V,151,752727400327158,1000000000,15:24:56:27.144,0
B,152,752727417024483,1000000000,15:24:56:28.147,0
V,152,752727417024483,1000000000,15:24:56:28.147,0
B,153,752727433717842,1000000000,15:24:56:29.148,0
V,153,752727433717842,1000000000,15:24:56:29.148,0
B,154,752727450413420,1000000000,15:24:56:30.148,0
V,154,752727450413420,1000000000,15:24:56:30.148,0
B,155,752727467104038,1000000000,15:24:56:31.150,0
V,155,752727467104038,1000000000,15:24:56:31.150,0
B,156,752727483794654,1000000000,15:24:56:32.152,0
V,156,752727483794654,1000000000,15:24:56:32.152,0
B,157,752727500488607,1000000000,15:24:56:33.154,0
V,157,752727500488607,1000000000,15:24:56:33.154,0
B,158,752727517182008,1000000000,15:24:56:34.156,0
V,158,752727517182008,1000000000,15:24:56:34.156,0
B,159,752727533861292,1000000000,15:24:56:35.157,0
V,159,752727533861292,1000000000,15:24:56:35.157,0
B,160,752727550555993,1000000000,15:24:56:36.159,0
V,160,752727550555993,1000000000,15:24:56:36.159,0
B,161,752727567266819,1000000000,15:24:56:37.160,0
V,161,752727567266819,1000000000,15:24:56:37.160,0
B,162,752727583960136,1000000000,15:24:56:38.162,0
V,162,752727583960136,1000000000,15:24:56:38.162,0
B,163,752727600641214,1000000000,15:24:56:39.164,0
V,163,752727600641214,1000000000,15:24:56:39.164,0
B,164,752727617330954,1000000000,15:24:56:40.165,0
V,164,752727617330954,1000000000,15:24:56:40.165,0
B,165,752727634037866,1000000000,15:24:56:41.167,0
V,165,752727634037866,1000000000,15:24:56:41.167,0
B,166,752727650715776,1000000000,15:24:56:42.168,0
V,166,752727650715776,1000000000,15:24:56:42.168,0
B,167,752727667409051,1000000000,15:24:56:43.170,0
V,167,752727667409051,1000000000,15:24:56:43.170,0
B,168,752727684102668,1000000000,15:24:56:44.172,0
V,168,752727684102668,1000000000,15:24:56:44.172,0
B,169,752727700795577,1000000000,15:24:56:45.173,0
V,169,752727700795577,1000000000,15:24:56:45.173,0
B,170,752727717488487,1000000000,15:24:56:46.175,0
V,170,752727717488487,1000000000,15:24:56:46.175,0
B,171,752727734184815,1000000000,15:24:56:47.176,0
V,171,752727734184815,1000000000,15:24:56:47.176,0
B,172,752727750878216,1000000000,15:24:56:48.181,0
V,172,752727750878216,1000000000,15:24:56:48.181,0
B,173,752727767585124,1000000000,15:24:56:49.180,0
V,173,752727767585124,1000000000,15:24:56:49.180,0
B,174,752727784267992,1000000000,15:24:56:50.181,0
V,174,752727784267992,1000000000,15:24:56:50.181,0
B,175,752727800958151,1000000000,15:24:56:51.183,0
V,175,752727800958151,1000000000,15:24:56:51.183,0
B,176,752727817651510,1000000000,15:24:56:52.184,0
V,176,752727817651510,1000000000,15:24:56:52.184,0
B,177,752727834347088,1000000000,15:24:56:53.186,0
V,177,752727834347088,1000000000,15:24:56:53.186,0
B,178,752727851051038,1000000000,15:24:56:54.187,0
V,178,752727851051038,1000000000,15:24:56:54.187,0
B,179,752727867745863,1000000000,15:24:56:55.189,0
V,179,752727867745863,1000000000,15:24:56:55.189,0
B,180,752727884422898,1000000000,15:24:56:56.190,0
V,180,752727884422898,1000000000,15:24:56:56.190,0
B,181,752727901116300,1000000000,15:24:56:57.192,0
V,181,752727901116300,1000000000,15:24:56:57.192,0
B,182,752727917811126,1000000000,15:24:56:58.193,0
V,182,752727917811126,1000000000,15:24:56:58.193,0
B,183,752727934508536,1000000000,15:24:56:59.195,0
V,183,752727934508536,1000000000,15:24:56:59.195,0
B,184,752727951205113,1000000000,15:24:57:00.196,0
V,184,752727951205113,1000000000,15:24:57:00.196,0
B,185,752727967898430,1000000000,15:24:57:01.199,0
V,185,752727967898430,1000000000,15:24:57:01.199,0
B,186,752727984582298,1000000000,15:24:57:02.200,0
V,186,752727984582298,1000000000,15:24:57:02.200,0
B,187,752728001279582,1000000000,15:24:57:03.202,0
V,187,752728001279582,1000000000,15:24:57:03.202,0
B,188,752728017967242,1000000000,15:24:57:04.203,0
V,188,752728017967242,1000000000,15:24:57:04.203,0
B,189,752728034678943,1000000000,15:24:57:05.205,0
V,189,752728034678943,1000000000,15:24:57:05.205,0
B,190,752728051372178,1000000000,15:24:57:06.207,0
V,190,752728051372178,1000000000,15:24:57:06.207,0
B,191,752728068052795,1000000000,15:24:57:07.208,0
V,191,752728068052795,1000000000,15:24:57:07.208,0
B,192,752728084741620,1000000000,15:24:57:08.210,0
V,192,752728084741620,1000000000,15:24:57:08.210,0
B,193,752728101442449,1000000000,15:24:57:09.211,0
V,193,752728101442449,1000000000,15:24:57:09.211,0
B,194,752728118135639,1000000000,15:24:57:10.213,0
V,194,752728118135639,1000000000,15:24:57:10.213,0
B,195,752728134828924,1000000000,15:24:57:11.215,0
V,195,752728134828924,1000000000,15:24:57:11.215,0
B,196,752728151528959,1000000000,15:24:57:12.216,0
V,196,752728151528959,1000000000,15:24:57:12.216,0
B,197,752728168220535,1000000000,15:24:57:13.217,0
V,197,752728168220535,1000000000,15:24:57:13.217,0
B,198,752728184906944,1000000000,15:24:57:14.218,0
V,198,752728184906944,1000000000,15:24:57:14.218,0
B,199,752728201600303,1000000000,15:24:57:15.220,0
V,199,752728201600303,1000000000,15:24:57:15.220,0
B,200,752728218295171,1000000000,15:24:57:16.223,0
V,200,752728218295171,1000000000,15:24:57:16.223,0
B,201,752728234982332,1000000000,15:24:57:17.224,0
V,201,752728234982332,1000000000,15:24:57:17.224,0
B,202,752728251687282,1000000000,15:24:57:18.224,0
V,202,752728251687282,1000000000,15:24:57:18.224,0
B,203,752728268372940,1000000000,15:24:57:19.227,0
V,203,752728268372940,1000000000,15:24:57:19.227,0
B,204,752728285066300,1000000000,15:24:57:20.228,0
V,204,752728285066300,1000000000,15:24:57:20.228,0
B,205,752728301755251,1000000000,15:24:57:21.231,0
V,205,752728301755251,1000000000,15:24:57:21.231,0
B,206,752728318458202,1000000000,15:24:57:22.231,0
V,206,752728318458202,1000000000,15:24:57:22.231,0
B,207,752728335155861,1000000000,15:24:57:23.232,0
V,207,752728335155861,1000000000,15:24:57:23.232,0
B,208,752728351849138,1000000000,15:24:57:24.236,0
V,208,752728351849138,1000000000,15:24:57:24.236,0
B,209,752728368540796,1000000000,15:24:57:25.235,0
V,209,752728368540796,1000000000,15:24:57:25.235,0
B,210,752728385237123,1000000000,15:24:57:26.237,0
V,210,752728385237123,1000000000,15:24:57:26.237,0
B,211,752728401931116,1000000000,15:24:57:27.240,0
V,211,752728401931116,1000000000,15:24:57:27.240,0
B,212,752728418620941,1000000000,15:24:57:28.241,0
V,212,752728418620941,1000000000,15:24:57:28.241,0
B,213,752728435314301,1000000000,15:24:57:29.243,0
V,213,752728435314301,1000000000,15:24:57:29.243,0
B,214,752728452008668,1000000000,15:24:57:30.243,0
V,214,752728452008668,1000000000,15:24:57:30.243,0
B,215,752728468690370,1000000000,15:24:57:31.245,0
V,215,752728468690370,1000000000,15:24:57:31.245,0
B,216,752728485395738,1000000000,15:24:57:32.248,0
V,216,752728485395738,1000000000,15:24:57:32.248,0
B,217,752728502089139,1000000000,15:24:57:33.248,0
V,217,752728502089139,1000000000,15:24:57:33.248,0
B,218,752728518766756,1000000000,15:24:57:34.250,0
V,218,752728518766756,1000000000,15:24:57:34.250,0
B,219,752728535470458,1000000000,15:24:57:35.253,0
V,219,752728535470458,1000000000,15:24:57:35.253,0
B,220,752728552155201,1000000000,15:24:57:36.254,0
V,220,752728552155201,1000000000,15:24:57:36.254,0
B,221,752728568851775,1000000000,15:24:57:37.255,0
V,221,752728568851775,1000000000,15:24:57:37.255,0
B,222,752728585545177,1000000000,15:24:57:38.256,0
V,222,752728585545177,1000000000,15:24:57:38.256,0
B,223,752728602231089,1000000000,15:24:57:39.258,0
V,223,752728602231089,1000000000,15:24:57:39.258,0
B,224,752728618932666,1000000000,15:24:57:40.261,0
V,224,752728618932666,1000000000,15:24:57:40.261,0
B,225,752728635628782,1000000000,15:24:57:41.262,0
V,225,752728635628782,1000000000,15:24:57:41.262,0
B,226,752728652322100,1000000000,15:24:57:42.262,0
V,226,752728652322100,1000000000,15:24:57:42.262,0
B,227,752728669015262,1000000000,15:24:57:43.264,0
V,227,752728669015262,1000000000,15:24:57:43.264,0
B,228,752728685706588,1000000000,15:24:57:44.267,0
V,228,752728685706588,1000000000,15:24:57:44.267,0
B,229,752728702409454,1000000000,15:24:57:45.267,0
V,229,752728702409454,1000000000,15:24:57:45.267,0
B,230,752728719089282,1000000000,15:24:57:46.270,0
V,230,752728719089282,1000000000,15:24:57:46.270,0
B,231,752728735782682,1000000000,15:24:57:47.272,0
V,231,752728735782682,1000000000,15:24:57:47.272,0
B,232,752728752476673,1000000000,15:24:57:48.272,0
V,232,752728752476673,1000000000,15:24:57:48.272,0
B,233,752728769178958,1000000000,15:24:57:49.275,0
V,233,752728769178958,1000000000,15:24:57:49.275,0
B,234,752728785863244,1000000000,15:24:57:50.275,0
V,234,752728785863244,1000000000,15:24:57:50.275,0
B,235,752728802561320,1000000000,15:24:57:51.277,0
V,235,752728802561320,1000000000,15:24:57:51.277,0
B,236,752728819254678,1000000000,15:24:57:52.279,0
V,236,752728819254678,1000000000,15:24:57:52.279,0
B,237,752728835957088,1000000000,15:24:57:53.281,0
V,237,752728835957088,1000000000,15:24:57:53.281,0
B,238,752728852631372,1000000000,15:24:57:54.283,0
V,238,752728852631372,1000000000,15:24:57:54.283,0
B,239,752728869334824,1000000000,15:24:57:55.284,0
V,239,752728869334824,1000000000,15:24:57:55.284,0
B,240,752728886028141,1000000000,15:24:57:56.286,0
V,240,752728886028141,1000000000,15:24:57:56.286,0
B,241,752728902726467,1000000000,15:24:57:57.288,0
V,241,752728902726467,1000000000,15:24:57:57.288,0
B,242,752728919406669,1000000000,15:24:57:58.288,0
V,242,752728919406669,1000000000,15:24:57:58.288,0
B,243,752728936102700,1000000000,15:24:57:59.290,0
V,243,752728936102700,1000000000,15:24:57:59.290,0
B,244,752728952800693,1000000000,15:24:58:00.291,0
V,244,752728952800693,1000000000,15:24:58:00.291,0
B,245,752728969493969,1000000000,15:24:58:01.294,0
V,245,752728969493969,1000000000,15:24:58:01.294,0
B,246,752728986187837,1000000000,15:24:58:02.294,0
V,246,752728986187837,1000000000,15:24:58:02.294,0
B,247,752729002879830,1000000000,15:24:58:03.297,0
V,247,752729002879830,1000000000,15:24:58:03.297,0
B,248,752729019572489,1000000000,15:24:58:04.298,0
V,248,752729019572489,1000000000,15:24:58:04.298,0
B,249,752729036265806,1000000000,15:24:58:05.300,0
V,249,752729036265806,1000000000,15:24:58:05.300,0
B,250,752729052967675,1000000000,15:24:58:06.301,0
V,250,752729052967675,1000000000,15:24:58:06.301,0
B,251,752729069646043,1000000000,15:24:58:07.303,0
V,251,752729069646043,1000000000,15:24:58:07.303,0
B,252,752729086347534,1000000000,15:24:58:08.304,0
V,252,752729086347534,1000000000,15:24:58:08.304,0
B,253,752729103048070,1000000000,15:24:58:09.306,0
V,253,752729103048070,1000000000,15:24:58:09.306,0
B,254,752729119741470,1000000000,15:24:58:10.307,0
V,254,752729119741470,1000000000,15:24:58:10.307,0
B,255,752729136418463,1000000000,15:24:58:11.309,0
V,255,752729136418463,1000000000,15:24:58:11.309,0
B,256,752729153129164,1000000000,15:24:58:12.311,0
V,256,752729153129164,1000000000,15:24:58:12.311,0
B,257,752729169814866,1000000000,15:24:58:13.312,0
V,257,752729169814866,1000000000,15:24:58:13.312,0
B,258,752729186498942,1000000000,15:24:58:14.315,0
V,258,752729186498942,1000000000,15:24:58:14.315,0
B,259,752729203192218,1000000000,15:24:58:15.316,0
V,259,752729203192218,1000000000,15:24:58:15.316,0
B,260,752729219898502,1000000000,15:24:58:16.317,0
V,260,752729219898502,1000000000,15:24:58:16.317,0
B,261,752729236590245,1000000000,15:24:58:17.319,0
V,261,752729236590245,1000000000,15:24:58:17.319,0
B,262,752729253271696,1000000000,15:24:58:18.320,0
V,262,752729253271696,1000000000,15:24:58:18.320,0
B,263,752729269965014,1000000000,15:24:58:19.322,0
V,263,752729269965014,1000000000,15:24:58:19.322,0
B,264,752729286658256,1000000000,15:24:58:20.324,0
V,264,752729286658256,1000000000,15:24:58:20.324,0
B,265,752729303366040,1000000000,15:24:58:21.325,0
V,265,752729303366040,1000000000,15:24:58:21.325,0
B,266,752729320057617,1000000000,15:24:58:22.327,0
V,266,752729320057617,1000000000,15:24:58:22.327,0
B,267,752729336746609,1000000000,15:24:58:23.328,0
V,267,752729336746609,1000000000,15:24:58:23.328,0
B,268,752729353439886,1000000000,15:24:58:24.330,0
V,268,752729353439886,1000000000,15:24:58:24.330,0
B,269,752729370122629,1000000000,15:24:58:25.332,0
V,269,752729370122629,1000000000,15:24:58:25.332,0
B,270,752729386827538,1000000000,15:24:58:26.333,0
V,270,752729386827538,1000000000,15:24:58:26.333,0
B,271,752729403522073,1000000000,15:24:58:27.335,0
V,271,752729403522073,1000000000,15:24:58:27.335,0
B,272,752729420215473,1000000000,15:24:58:28.337,0
V,272,752729420215473,1000000000,15:24:58:28.337,0
B,273,752729436897216,1000000000,15:24:58:29.338,0
V,273,752729436897216,1000000000,15:24:58:29.338,0
B,274,752729453597751,1000000000,15:24:58:30.339,0
V,274,752729453597751,1000000000,15:24:58:30.339,0
B,275,752729470290826,1000000000,15:24:58:31.341,0
V,275,752729470290826,1000000000,15:24:58:31.341,0
B,276,752729486982445,1000000000,15:24:58:32.342,0
V,276,752729486982445,1000000000,15:24:58:32.342,0
B,277,752729503675638,1000000000,15:24:58:33.344,0
V,277,752729503675638,1000000000,15:24:58:33.344,0
B,278,752729520368880,1000000000,15:24:58:34.345,0
V,278,752729520368880,1000000000,15:24:58:34.345,0
B,279,752729537062081,1000000000,15:24:58:35.347,0
V,279,752729537062081,1000000000,15:24:58:35.347,0
B,280,752729553759157,1000000000,15:24:58:36.349,0
V,280,752729553759157,1000000000,15:24:58:36.349,0
B,281,752729570452684,1000000000,15:24:58:37.350,0
V,281,752729570452684,1000000000,15:24:58:37.350,0
B,282,752729587138343,1000000000,15:24:58:38.352,0
V,282,752729587138343,1000000000,15:24:58:38.352,0
B,283,752729603838459,1000000000,15:24:58:39.354,0
V,283,752729603838459,1000000000,15:24:58:39.354,0
B,284,752729620522202,1000000000,15:24:58:40.355,0
V,284,752729620522202,1000000000,15:24:58:40.355,0
B,285,752729637225153,1000000000,15:24:58:41.356,0
V,285,752729637225153,1000000000,15:24:58:41.356,0
B,286,752729653918430,1000000000,15:24:58:42.358,0
V,286,752729653918430,1000000000,15:24:58:42.358,0
B,287,752729670606880,1000000000,15:24:58:43.360,0
V,287,752729670606880,1000000000,15:24:58:43.360,0
B,288,752729687297581,1000000000,15:24:58:44.362,0
V,288,752729687297581,1000000000,15:24:58:44.362,0
B,289,752729704000615,1000000000,15:24:58:45.363,0
V,289,752729704000615,1000000000,15:24:58:45.363,0
B,290,752729720698941,1000000000,15:24:58:46.364,0
V,290,752729720698941,1000000000,15:24:58:46.364,0
B,291,752729737392217,1000000000,15:24:58:47.367,0
V,291,752729737392217,1000000000,15:24:58:47.367,0
B,292,752729754066211,1000000000,15:24:58:48.368,0
V,292,752729754066211,1000000000,15:24:58:48.368,0
B,293,752729770767911,1000000000,15:24:58:49.370,0
V,293,752729770767911,1000000000,15:24:58:49.370,0
B,294,752729787466528,1000000000,15:24:58:50.371,0
V,294,752729787466528,1000000000,15:24:58:50.371,0
B,295,752729804159765,1000000000,15:24:58:51.373,0
V,295,752729804159765,1000000000,15:24:58:51.373,0
B,296,752729820843215,1000000000,15:24:58:52.375,0
V,296,752729820843215,1000000000,15:24:58:52.375,0
B,297,752729837545457,1000000000,15:24:58:53.376,0
V,297,752729837545457,1000000000,15:24:58:53.376,0
B,298,752729854242909,1000000000,15:24:58:54.377,0
V,298,752729854242909,1000000000,15:24:58:54.377,0
B,299,752729870934276,1000000000,15:24:58:55.379,0
V,299,752729870934276,1000000000,15:24:58:55.379,0
B,300,752729887627553,1000000000,15:24:58:56.381,0
V,300,752729887627553,1000000000,15:24:58:56.381,0
B,301,752729904319254,1000000000,15:24:58:57.381,0
V,301,752729904319254,1000000000,15:24:58:57.381,0
B,302,752729921007455,1000000000,15:24:58:58.383,0
V,302,752729921007455,1000000000,15:24:58:58.383,0
B,303,752729937710030,1000000000,15:24:58:59.385,0
V,303,752729937710030,1000000000,15:24:58:59.385,0
B,304,752729954403392,1000000000,15:24:59:00.387,0
V,304,752729954403392,1000000000,15:24:59:00.387,0
B,305,752729971079176,1000000000,15:24:59:01.389,0
V,305,752729971079176,1000000000,15:24:59:01.389,0
B,306,752729987787874,1000000000,15:24:59:02.390,0
V,306,752729987787874,1000000000,15:24:59:02.390,0
B,307,752730004476411,1000000000,15:24:59:03.392,0
V,307,752730004476411,1000000000,15:24:59:03.392,0
B,308,752730021176486,1000000000,15:24:59:04.393,0
V,308,752730021176486,1000000000,15:24:59:04.393,0
B,309,752730037869637,1000000000,15:24:59:05.394,0
V,309,752730037869637,1000000000,15:24:59:05.394,0
B,310,752730054563630,1000000000,15:24:59:06.396,0
V,310,752730054563630,1000000000,15:24:59:06.396,0
B,311,752730071255832,1000000000,15:24:59:07.398,0
V,311,752730071255832,1000000000,15:24:59:07.398,0
B,312,752730087941239,1000000000,15:24:59:08.399,0
V,312,752730087941239,1000000000,15:24:59:08.399,0
B,313,752730104634476,1000000000,15:24:59:09.401,0
V,313,752730104634476,1000000000,15:24:59:09.401,0
B,314,752730121323509,1000000000,15:24:59:10.403,0
V,314,752730121323509,1000000000,15:24:59:10.403,0
B,315,752730138016835,1000000000,15:24:59:11.404,0
V,315,752730138016835,1000000000,15:24:59:11.404,0
B,316,752730154724370,1000000000,15:24:59:12.406,0
V,316,752730154724370,1000000000,15:24:59:12.406,0
B,317,752730171404112,1000000000,15:24:59:13.407,0
V,317,752730171404112,1000000000,15:24:59:13.407,0
B,318,752730188097473,1000000000,15:24:59:14.408,0
V,318,752730188097473,1000000000,15:24:59:14.408,0
B,319,752730204793631,1000000000,15:24:59:15.411,0
V,319,752730204793631,1000000000,15:24:59:15.411,0
B,320,752730221498415,1000000000,15:24:59:16.411,0
V,320,752730221498415,1000000000,15:24:59:16.411,0
B,321,752730238176201,1000000000,15:24:59:17.414,0
V,321,752730238176201,1000000000,15:24:59:17.414,0
B,322,752730254867776,1000000000,15:24:59:18.416,0
V,322,752730254867776,1000000000,15:24:59:18.416,0
B,323,752730271561136,1000000000,15:24:59:19.417,0
V,323,752730271561136,1000000000,15:24:59:19.417,0
B,324,752730288270922,1000000000,15:24:59:20.418,0
V,324,752730288270922,1000000000,15:24:59:20.418,0
B,325,752730304952913,1000000000,15:24:59:21.420,0
V,325,752730304952913,1000000000,15:24:59:21.420,0
B,326,752730321644156,1000000000,15:24:59:22.422,0
V,326,752730321644156,1000000000,15:24:59:22.422,0
B,327,752730338337516,1000000000,15:24:59:23.422,0
V,327,752730338337516,1000000000,15:24:59:23.422,0
B,328,752730355032801,1000000000,15:24:59:24.424,0
V,328,752730355032801,1000000000,15:24:59:24.424,0
B,329,752730371730709,1000000000,15:24:59:25.427,0
V,329,752730371730709,1000000000,15:24:59:25.427,0
B,330,752730388418661,1000000000,15:24:59:26.428,0
V,330,752730388418661,1000000000,15:24:59:26.428,0
B,331,752730405112820,1000000000,15:24:59:27.430,0
V,331,752730405112820,1000000000,15:24:59:27.430,0
B,332,752730421806138,1000000000,15:24:59:28.432,0
V,332,752730421806138,1000000000,15:24:59:28.432,0
B,333,752730438498839,1000000000,15:24:59:29.433,0
V,333,752730438498839,1000000000,15:24:59:29.433,0
B,334,752730455203790,1000000000,15:24:59:30.433,0
V,334,752730455203790,1000000000,15:24:59:30.433,0
B,335,752730471889324,1000000000,15:24:59:31.436,0
V,335,752730471889324,1000000000,15:24:59:31.436,0
B,336,752730488582643,1000000000,15:24:59:32.437,0
V,336,752730488582643,1000000000,15:24:59:32.437,0
B,337,752730505282469,1000000000,15:24:59:33.438,0
V,337,752730505282469,1000000000,15:24:59:33.438,0
B,338,752730521957628,1000000000,15:24:59:34.442,0
V,338,752730521957628,1000000000,15:24:59:34.442,0
B,339,752730538668245,1000000000,15:24:59:35.443,0
V,339,752730538668245,1000000000,15:24:59:35.443,0
B,340,752730555348322,1000000000,15:24:59:36.444,0
V,340,752730555348322,1000000000,15:24:59:36.444,0
B,341,752730572041641,1000000000,15:24:59:37.446,0
V,341,752730572041641,1000000000,15:24:59:37.446,0
B,342,752730588748718,1000000000,15:24:59:38.450,0
V,342,752730588748718,1000000000,15:24:59:38.450,0
B,343,752730605424169,1000000000,15:24:59:39.449,0
V,343,752730605424169,1000000000,15:24:59:39.449,0
B,344,752730622132786,1000000000,15:24:59:40.450,0
V,344,752730622132786,1000000000,15:24:59:40.450,0
B,345,752730638813281,1000000000,15:24:59:41.452,0
V,345,752730638813281,1000000000,15:24:59:41.452,0
B,346,752730655506596,1000000000,15:24:59:42.452,0
V,346,752730655506596,1000000000,15:24:59:42.452,0
B,347,752730672204507,1000000000,15:24:59:43.454,0
V,347,752730672204507,1000000000,15:24:59:43.454,0
B,348,752730688895790,1000000000,15:24:59:44.457,0
V,348,752730688895790,1000000000,15:24:59:44.457,0
B,349,752730705602117,1000000000,15:24:59:45.458,0
V,349,752730705602117,1000000000,15:24:59:45.458,0
B,350,752730722295476,1000000000,15:24:59:46.460,0
V,350,752730722295476,1000000000,15:24:59:46.460,0
B,351,752730738970802,1000000000,15:24:59:47.461,0
V,351,752730738970802,1000000000,15:24:59:47.461,0
B,352,752730755681378,1000000000,15:24:59:48.464,0
V,352,752730755681378,1000000000,15:24:59:48.464,0
B,353,752730772364539,1000000000,15:24:59:49.465,0
V,353,752730772364539,1000000000,15:24:59:49.465,0
B,354,752730789057689,1000000000,15:24:59:50.465,0
V,354,752730789057689,1000000000,15:24:59:50.465,0
B,355,752730805757264,1000000000,15:24:59:51.468,0
V,355,752730805757264,1000000000,15:24:59:51.468,0
B,356,752730822438217,1000000000,15:24:59:52.468,0
V,356,752730822438217,1000000000,15:24:59:52.468,0
B,357,752730839132709,1000000000,15:24:59:53.470,0
V,357,752730839132709,1000000000,15:24:59:53.470,0
B,358,752730855831536,1000000000,15:24:59:54.473,0
V,358,752730855831536,1000000000,15:24:59:54.473,0
B,359,752730872524810,1000000000,15:24:59:55.474,0
V,359,752730872524810,1000000000,15:24:59:55.474,0
B,360,752730889209679,1000000000,15:24:59:56.475,0
V,360,752730889209679,1000000000,15:24:59:56.475,0
B,361,752730905903834,1000000000,15:24:59:57.477,0
V,361,752730905903834,1000000000,15:24:59:57.477,0
B,362,752730922615162,1000000000,15:24:59:58.479,0
V,362,752730922615162,1000000000,15:24:59:58.479,0
B,363,752730939298153,1000000000,15:24:59:59.480,0
V,363,752730939298153,1000000000,15:24:59:59.480,0
B,364,752730955991429,1000000000,15:25:00:00.481,0
V,364,752730955991429,1000000000,15:25:00:00.481,0
B,365,752730972677215,1000000000,15:25:00:01.484,0
V,365,752730972677215,1000000000,15:25:00:01.484,0
B,366,752730989369958,1000000000,15:25:00:02.485,0
V,366,752730989369958,1000000000,15:25:00:02.485,0
B,367,752731006077075,1000000000,15:25:00:03.487,0
V,367,752731006077075,1000000000,15:25:00:03.487,0
B,368,752731022770393,1000000000,15:25:00:04.489,0
V,368,752731022770393,1000000000,15:25:00:04.489,0
B,369,752731039466470,1000000000,15:25:00:05.491,0
V,369,752731039466470,1000000000,15:25:00:05.491,0
B,370,752731056146128,1000000000,15:25:00:06.491,0
V,370,752731056146128,1000000000,15:25:00:06.491,0
B,371,752731072849245,1000000000,15:25:00:07.493,0
V,371,752731072849245,1000000000,15:25:00:07.493,0
B,372,752731089543614,1000000000,15:25:00:08.494,0
V,372,752731089543614,1000000000,15:25:00:08.494,0
B,373,752731106237058,1000000000,15:25:00:09.496,0
V,373,752731106237058,1000000000,15:25:00:09.496,0
B,374,752731122919966,1000000000,15:25:00:10.498,0
V,374,752731122919966,1000000000,15:25:00:10.498,0
B,375,752731139613625,1000000000,15:25:00:11.499,0
V,375,752731139613625,1000000000,15:25:00:11.499,0
B,376,752731156307161,1000000000,15:25:00:12.501,0
V,376,752731156307161,1000000000,15:25:00:12.501,0
B,377,752731172994902,1000000000,15:25:00:13.503,0
V,377,752731172994902,1000000000,15:25:00:13.503,0
B,378,752731189688263,1000000000,15:25:00:14.504,0
V,378,752731189688263,1000000000,15:25:00:14.504,0
B,379,752731206382797,1000000000,15:25:00:15.506,0
V,379,752731206382797,1000000000,15:25:00:15.506,0
B,380,752731223093956,1000000000,15:25:00:16.507,0
V,380,752731223093956,1000000000,15:25:00:16.507,0
B,381,752731239786657,1000000000,15:25:00:17.509,0
V,381,752731239786657,1000000000,15:25:00:17.509,0
B,382,752731256479892,1000000000,15:25:00:18.511,0
V,382,752731256479892,1000000000,15:25:00:18.511,0
B,383,752731273172342,1000000000,15:25:00:19.512,0
V,383,752731273172342,1000000000,15:25:00:19.512,0
B,384,752731289851460,1000000000,15:25:00:20.514,0
V,384,752731289851460,1000000000,15:25:00:20.514,0
B,385,752731306552412,1000000000,15:25:00:21.515,0
V,385,752731306552412,1000000000,15:25:00:21.515,0
B,386,752731323241779,1000000000,15:25:00:22.516,0
V,386,752731323241779,1000000000,15:25:00:22.516,0
B,387,752731339935222,1000000000,15:25:00:23.518,0
V,387,752731339935222,1000000000,15:25:00:23.518,0
B,388,752731356630049,1000000000,15:25:00:24.520,0
V,388,752731356630049,1000000000,15:25:00:24.520,0
B,389,752731373320083,1000000000,15:25:00:25.522,0
V,389,752731373320083,1000000000,15:25:00:25.522,0
B,390,752731390010325,1000000000,15:25:00:26.523,0
V,390,752731390010325,1000000000,15:25:00:26.523,0
B,391,752731406703644,1000000000,15:25:00:27.525,0
V,391,752731406703644,1000000000,15:25:00:27.525,0
B,392,752731423398802,1000000000,15:25:00:28.526,0
V,392,752731423398802,1000000000,15:25:00:28.526,0
B,393,752731440086880,1000000000,15:25:00:29.528,0
V,393,752731440086880,1000000000,15:25:00:29.528,0
B,394,752731456779830,1000000000,15:25:00:30.529,0
V,394,752731456779830,1000000000,15:25:00:30.529,0
B,395,752731473486948,1000000000,15:25:00:31.530,0
V,395,752731473486948,1000000000,15:25:00:31.530,0
B,396,752731490180224,1000000000,15:25:00:32.533,0
V,396,752731490180224,1000000000,15:25:00:32.533,0
B,397,752731506876174,1000000000,15:25:00:33.534,0
V,397,752731506876174,1000000000,15:25:00:33.534,0
B,398,752731523557084,1000000000,15:25:00:34.536,0
V,398,752731523557084,1000000000,15:25:00:34.536,0
B,399,752731540257035,1000000000,15:25:00:35.537,0
V,399,752731540257035,1000000000,15:25:00:35.537,0
B,400,752731556950354,1000000000,15:25:00:36.539,0
V,400,752731556950354,1000000000,15:25:00:36.539,0
B,401,752731573650260,1000000000,15:25:00:37.542,0
V,401,752731573650260,1000000000,15:25:00:37.542,0
B,402,752731590327211,1000000000,15:25:00:38.542,0
V,402,752731590327211,1000000000,15:25:00:38.542,0
B,403,752731607033203,1000000000,15:25:00:39.544,0
V,403,752731607033203,1000000000,15:25:00:39.544,0
B,404,752731623724778,1000000000,15:25:00:40.545,0
V,404,752731623724778,1000000000,15:25:00:40.545,0
B,405,752731640418097,1000000000,15:25:00:41.547,0
V,405,752731640418097,1000000000,15:25:00:41.547,0
B,406,752731657100966,1000000000,15:25:00:42.549,0
V,406,752731657100966,1000000000,15:25:00:42.549,0
B,407,752731673795042,1000000000,15:25:00:43.550,0
V,407,752731673795042,1000000000,15:25:00:43.550,0
B,408,752731690493909,1000000000,15:25:00:44.551,0
V,408,752731690493909,1000000000,15:25:00:44.551,0
B,409,752731707187271,1000000000,15:25:00:45.552,0
V,409,752731707187271,1000000000,15:25:00:45.552,0
B,410,752731723892388,1000000000,15:25:00:46.555,0
V,410,752731723892388,1000000000,15:25:00:46.555,0
B,411,752731740581588,1000000000,15:25:00:47.556,0
V,411,752731740581588,1000000000,15:25:00:47.556,0
B,412,752731757276414,1000000000,15:25:00:48.558,0
V,412,752731757276414,1000000000,15:25:00:48.558,0
B,413,752731773965405,1000000000,15:25:00:49.559,0
V,413,752731773965405,1000000000,15:25:00:49.559,0
B,414,752731790658807,1000000000,15:25:00:50.562,0
V,414,752731790658807,1000000000,15:25:00:50.562,0
B,415,752731807341759,1000000000,15:25:00:51.563,0
V,415,752731807341759,1000000000,15:25:00:51.563,0
B,416,752731824034001,1000000000,15:25:00:52.564,0
V,416,752731824034001,1000000000,15:25:00:52.564,0
B,417,752731840726034,1000000000,15:25:00:53.567,0
V,417,752731840726034,1000000000,15:25:00:53.567,0
B,418,752731857426195,1000000000,15:25:00:54.567,0
V,418,752731857426195,1000000000,15:25:00:54.567,0
B,419,752731874119554,1000000000,15:25:00:55.569,0
V,419,752731874119554,1000000000,15:25:00:55.569,0
B,420,752731890819714,1000000000,15:25:00:56.571,0
V,420,752731890819714,1000000000,15:25:00:56.571,0
B,421,752731907507832,1000000000,15:25:00:57.572,0
V,421,752731907507832,1000000000,15:25:00:57.572,0
B,422,752731924199034,1000000000,15:25:00:58.574,0
V,422,752731924199034,1000000000,15:25:00:58.574,0
B,423,752731940892353,1000000000,15:25:00:59.575,0
V,423,752731940892353,1000000000,15:25:00:59.575,0
B,424,752731957582970,1000000000,15:25:01:00.577,0
V,424,752731957582970,1000000000,15:25:01:00.577,0
B,425,752731974286795,1000000000,15:25:01:01.578,0
V,425,752731974286795,1000000000,15:25:01:01.578,0
B,426,752731990978331,1000000000,15:25:01:02.580,0
V,426,752731990978331,1000000000,15:25:01:02.580,0
B,427,752732007676906,1000000000,15:25:01:03.581,0
V,427,752732007676906,1000000000,15:25:01:03.581,0
B,428,752732024370264,1000000000,15:25:01:04.583,0
V,428,752732024370264,1000000000,15:25:01:04.583,0
B,429,752732041047634,1000000000,15:25:01:05.585,0
V,429,752732041047634,1000000000,15:25:01:05.585,0
B,430,752732057739208,1000000000,15:25:01:06.587,0
V,430,752732057739208,1000000000,15:25:01:06.587,0
B,431,752732074443201,1000000000,15:25:01:07.588,0
V,431,752732074443201,1000000000,15:25:01:07.588,0
B,432,752732091136520,1000000000,15:25:01:08.590,0
V,432,752732091136520,1000000000,15:25:01:08.590,0
B,433,752732107827304,1000000000,15:25:01:09.591,0
V,433,752732107827304,1000000000,15:25:01:09.591,0
B,434,752732124514963,1000000000,15:25:01:10.593,0
V,434,752732124514963,1000000000,15:25:01:10.593,0
B,435,752732141216706,1000000000,15:25:01:11.594,0
V,435,752732141216706,1000000000,15:25:01:11.594,0
B,436,752732157912282,1000000000,15:25:01:12.596,0
V,436,752732157912282,1000000000,15:25:01:12.596,0
B,437,752732174605642,1000000000,15:25:01:13.598,0
V,437,752732174605642,1000000000,15:25:01:13.598,0
B,438,752732191285009,1000000000,15:25:01:14.599,0
V,438,752732191285009,1000000000,15:25:01:14.599,0
B,439,752732207996543,1000000000,15:25:01:15.602,0
V,439,752732207996543,1000000000,15:25:01:15.602,0
B,440,752732224683370,1000000000,15:25:01:16.603,0
V,440,752732224683370,1000000000,15:25:01:16.603,0
B,441,752732241381406,1000000000,15:25:01:17.604,0
V,441,752732241381406,1000000000,15:25:01:17.604,0
B,442,752732258074765,1000000000,15:25:01:18.607,0
V,442,752732258074765,1000000000,15:25:01:18.607,0
B,443,752732274766340,1000000000,15:25:01:19.607,0
V,443,752732274766340,1000000000,15:25:01:19.607,0
B,444,752732291446875,1000000000,15:25:01:20.609,0
V,444,752732291446875,1000000000,15:25:01:20.609,0
B,445,752732308149951,1000000000,15:25:01:21.610,0
V,445,752732308149951,1000000000,15:25:01:21.610,0
B,446,752732324843311,1000000000,15:25:01:22.612,0
V,446,752732324843311,1000000000,15:25:01:22.612,0
B,447,752732341530763,1000000000,15:25:01:23.613,0
V,447,752732341530763,1000000000,15:25:01:23.613,0
B,448,752732358218754,1000000000,15:25:01:24.615,0
V,448,752732358218754,1000000000,15:25:01:24.615,0
B,449,752732374919830,1000000000,15:25:01:25.617,0
V,449,752732374919830,1000000000,15:25:01:25.617,0
B,450,752732391614156,1000000000,15:25:01:26.618,0
V,450,752732391614156,1000000000,15:25:01:26.618,0
B,451,752732408307474,1000000000,15:25:01:27.620,0
V,451,752732408307474,1000000000,15:25:01:27.620,0
B,452,752732425007550,1000000000,15:25:01:28.621,0
V,452,752732425007550,1000000000,15:25:01:28.621,0
B,453,752732441687251,1000000000,15:25:01:29.622,0
V,453,752732441687251,1000000000,15:25:01:29.622,0
B,454,752732458394328,1000000000,15:25:01:30.624,0
V,454,752732458394328,1000000000,15:25:01:30.624,0
B,455,752732475087646,1000000000,15:25:01:31.626,0
V,455,752732475087646,1000000000,15:25:01:31.626,0
B,456,752732491776763,1000000000,15:25:01:32.628,0
V,456,752732491776763,1000000000,15:25:01:32.628,0
B,457,752732508475632,1000000000,15:25:01:33.628,0
V,457,752732508475632,1000000000,15:25:01:33.628,0
B,458,752732525166791,1000000000,15:25:01:34.631,0
V,458,752732525166791,1000000000,15:25:01:34.631,0
B,459,752732541859657,1000000000,15:25:01:35.632,0
V,459,752732541859657,1000000000,15:25:01:35.632,0
B,460,752732558553059,1000000000,15:25:01:36.634,0
V,460,752732558553059,1000000000,15:25:01:36.634,0
B,461,752732575238926,1000000000,15:25:01:37.634,0
V,461,752732575238926,1000000000,15:25:01:37.634,0
B,462,752732591927335,1000000000,15:25:01:38.636,0
V,462,752732591927335,1000000000,15:25:01:38.636,0
B,463,752732608623452,1000000000,15:25:01:39.639,0
V,463,752732608623452,1000000000,15:25:01:39.639,0
B,464,752732625316772,1000000000,15:25:01:40.640,0
V,464,752732625316772,1000000000,15:25:01:40.640,0
B,465,752732642015556,1000000000,15:25:01:41.641,0
V,465,752732642015556,1000000000,15:25:01:41.641,0
B,466,752732658699548,1000000000,15:25:01:42.644,0
V,466,752732658699548,1000000000,15:25:01:42.644,0
B,467,752732675390624,1000000000,15:25:01:43.645,0
V,467,752732675390624,1000000000,15:25:01:43.645,0
B,468,752732692094866,1000000000,15:25:01:44.646,0
V,468,752732692094866,1000000000,15:25:01:44.646,0
B,469,752732708788185,1000000000,15:25:01:45.648,0
V,469,752732708788185,1000000000,15:25:01:45.648,0
B,470,752732725472218,1000000000,15:25:01:46.650,0
V,470,752732725472218,1000000000,15:25:01:46.650,0
B,471,752732742164878,1000000000,15:25:01:47.652,0
V,471,752732742164878,1000000000,15:25:01:47.652,0
B,472,752732758861329,1000000000,15:25:01:48.652,0
V,472,752732758861329,1000000000,15:25:01:48.652,0
B,473,752732775549531,1000000000,15:25:01:49.655,0
V,473,752732775549531,1000000000,15:25:01:49.655,0
B,474,752732792243016,1000000000,15:25:01:50.655,0
V,474,752732792243016,1000000000,15:25:01:50.655,0
B,475,752732808953423,1000000000,15:25:01:51.659,0
V,475,752732808953423,1000000000,15:25:01:51.659,0
B,476,752732825646125,1000000000,15:25:01:52.659,0
V,476,752732825646125,1000000000,15:25:01:52.659,0
B,477,752732842329660,1000000000,15:25:01:53.661,0
V,477,752732842329660,1000000000,15:25:01:53.661,0
B,478,752732859022936,1000000000,15:25:01:54.668,0
V,478,752732859022936,1000000000,15:25:01:54.668,0
B,479,752732875708262,1000000000,15:25:01:55.664,0
V,479,752732875708262,1000000000,15:25:01:55.664,0
B,480,752732892403757,1000000000,15:25:01:56.665,0
V,480,752732892403757,1000000000,15:25:01:56.665,0
B,481,752732909097582,1000000000,15:25:01:57.667,0
V,481,752732909097582,1000000000,15:25:01:57.667,0
B,482,752732925790942,1000000000,15:25:01:58.669,0
V,482,752732925790942,1000000000,15:25:01:58.669,0
B,483,752732942488143,1000000000,15:25:01:59.670,0
V,483,752732942488143,1000000000,15:25:01:59.670,0
B,484,752732959194761,1000000000,15:25:02:00.672,0
V,484,752732959194761,1000000000,15:25:02:00.672,0
B,485,752732975871628,1000000000,15:25:02:01.672,0
V,485,752732975871628,1000000000,15:25:02:01.672,0
B,486,752732992570495,1000000000,15:25:02:02.676,0
V,486,752732992570495,1000000000,15:25:02:02.676,0
B,487,752733009263771,1000000000,15:25:02:03.677,0
V,487,752733009263771,1000000000,15:25:02:03.677,0
B,488,752733025967514,1000000000,15:25:02:04.678,0
V,488,752733025967514,1000000000,15:25:02:04.678,0
B,489,752733042643300,1000000000,15:25:02:05.680,0
V,489,752733042643300,1000000000,15:25:02:05.680,0
B,490,752733059337334,1000000000,15:25:02:06.681,0
V,490,752733059337334,1000000000,15:25:02:06.681,0
B,491,752733076046077,1000000000,15:25:02:07.683,0
V,491,752733076046077,1000000000,15:25:02:07.683,0
B,492,752733092739395,1000000000,15:25:02:08.687,0
V,492,752733092739395,1000000000,15:25:02:08.687,0
B,493,752733109414512,1000000000,15:25:02:09.685,0
V,493,752733109414512,1000000000,15:25:02:09.685,0
B,494,752733126116756,1000000000,15:25:02:10.687,0
V,494,752733126116756,1000000000,15:25:02:10.687,0
B,495,752733142810665,1000000000,15:25:02:11.689,0
V,495,752733142810665,1000000000,15:25:02:11.689,0
B,496,752733159504024,1000000000,15:25:02:12.691,0
V,496,752733159504024,1000000000,15:25:02:12.691,0
B,497,752733176191600,1000000000,15:25:02:13.692,0
V,497,752733176191600,1000000000,15:25:02:13.692,0
B,498,752733192887634,1000000000,15:25:02:14.694,0
V,498,752733192887634,1000000000,15:25:02:14.694,0
B,499,752733209576210,1000000000,15:25:02:15.695,0
V,499,752733209576210,1000000000,15:25:02:15.695,0
B,500,752733226284909,1000000000,15:25:02:16.697,0
V,500,752733226284909,1000000000,15:25:02:16.697,0
B,501,752733242978270,1000000000,15:25:02:17.698,0
V,501,752733242978270,1000000000,15:25:02:17.698,0
B,502,752733259668263,1000000000,15:25:02:18.700,0
V,502,752733259668263,1000000000,15:25:02:18.700,0
B,503,752733276366715,1000000000,15:25:02:19.702,0
V,503,752733276366715,1000000000,15:25:02:19.702,0
B,504,752733293046622,1000000000,15:25:02:20.704,0
V,504,752733293046622,1000000000,15:25:02:20.704,0
B,505,752733309741824,1000000000,15:25:02:21.705,0
V,505,752733309741824,1000000000,15:25:02:21.705,0
B,506,752733326435183,1000000000,15:25:02:22.707,0
V,506,752733326435183,1000000000,15:25:02:22.707,0
B,507,752733343131925,1000000000,15:25:02:23.707,0
V,507,752733343131925,1000000000,15:25:02:23.707,0
B,508,752733359822919,1000000000,15:25:02:24.709,0
V,508,752733359822919,1000000000,15:25:02:24.709,0
B,509,752733376509911,1000000000,15:25:02:25.711,0
V,509,752733376509911,1000000000,15:25:02:25.711,0
B,510,752733393203312,1000000000,15:25:02:26.714,0
V,510,752733393203312,1000000000,15:25:02:26.714,0
B,511,752733409906847,1000000000,15:25:02:27.715,0
V,511,752733409906847,1000000000,15:25:02:27.715,0
B,512,752733426592882,1000000000,15:25:02:28.716,0
V,512,752733426592882,1000000000,15:25:02:28.716,0
B,513,752733443283457,1000000000,15:25:02:29.718,0
V,513,752733443283457,1000000000,15:25:02:29.718,0
B,514,752733459980158,1000000000,15:25:02:30.719,0
V,514,752733459980158,1000000000,15:25:02:30.719,0
B,515,752733476673475,1000000000,15:25:02:31.721,0
V,515,752733476673475,1000000000,15:25:02:31.721,0
B,516,752733493364678,1000000000,15:25:02:32.722,0
V,516,752733493364678,1000000000,15:25:02:32.722,0
B,517,752733510059752,1000000000,15:25:02:33.724,0
V,517,752733510059752,1000000000,15:25:02:33.724,0
B,518,752733526748621,1000000000,15:25:02:34.725,0
V,518,752733526748621,1000000000,15:25:02:34.725,0
B,519,752733543441981,1000000000,15:25:02:35.727,0
V,519,752733543441981,1000000000,15:25:02:35.727,0
B,520,752733560138224,1000000000,15:25:02:36.729,0
V,520,752733560138224,1000000000,15:25:02:36.729,0
B,521,752733576830676,1000000000,15:25:02:37.731,0
V,521,752733576830676,1000000000,15:25:02:37.731,0
B,522,752733593523209,1000000000,15:25:02:38.732,0
V,522,752733593523209,1000000000,15:25:02:38.732,0
B,523,752733610225536,1000000000,15:25:02:39.733,0
V,523,752733610225536,1000000000,15:25:02:39.733,0
B,524,752733626918854,1000000000,15:25:02:40.734,0
V,524,752733626918854,1000000000,15:25:02:40.734,0
B,525,752733643599097,1000000000,15:25:02:41.737,0
V,525,752733643599097,1000000000,15:25:02:41.737,0
B,526,752733660309922,1000000000,15:25:02:42.739,0
V,526,752733660309922,1000000000,15:25:02:42.739,0
B,527,752733677005374,1000000000,15:25:02:43.740,0
V,527,752733677005374,1000000000,15:25:02:43.740,0
B,528,752733693698732,1000000000,15:25:02:44.742,0
V,528,752733693698732,1000000000,15:25:02:44.742,0
B,529,752733710376310,1000000000,15:25:02:45.743,0
V,529,752733710376310,1000000000,15:25:02:45.743,0
B,530,752733727069634,1000000000,15:25:02:46.745,0
V,530,752733727069634,1000000000,15:25:02:46.745,0
B,531,752733743761044,1000000000,15:25:02:47.746,0
V,531,752733743761044,1000000000,15:25:02:47.746,0
B,532,752733760464161,1000000000,15:25:02:48.747,0
V,532,752733760464161,1000000000,15:25:02:48.747,0
B,533,752733777157522,1000000000,15:25:02:49.750,0
V,533,752733777157522,1000000000,15:25:02:49.750,0
B,534,752733793847347,1000000000,15:25:02:50.751,0
V,534,752733793847347,1000000000,15:25:02:50.751,0
B,535,752733810539215,1000000000,15:25:02:51.752,0
V,535,752733810539215,1000000000,15:25:02:51.752,0
B,536,752733827236540,1000000000,15:25:02:52.754,0
V,536,752733827236540,1000000000,15:25:02:52.754,0
B,537,752733843922866,1000000000,15:25:02:53.756,0
V,537,752733843922866,1000000000,15:25:02:53.756,0
B,538,752733860616101,1000000000,15:25:02:54.757,0
V,538,752733860616101,1000000000,15:25:02:54.757,0
B,539,752733877307345,1000000000,15:25:02:55.759,0
V,539,752733877307345,1000000000,15:25:02:55.759,0
B,540,752733894007380,1000000000,15:25:02:56.761,0
V,540,752733894007380,1000000000,15:25:02:56.761,0
B,541,752733910699206,1000000000,15:25:02:57.762,0
V,541,752733910699206,1000000000,15:25:02:57.762,0
B,542,752733927392482,1000000000,15:25:02:58.764,0
V,542,752733927392482,1000000000,15:25:02:58.764,0
B,543,752733944078641,1000000000,15:25:02:59.765,0
V,543,752733944078641,1000000000,15:25:02:59.765,0
B,544,752733960777133,1000000000,15:25:03:00.767,0
V,544,752733960777133,1000000000,15:25:03:00.767,0
B,545,752733977470253,1000000000,15:25:03:01.768,0
V,545,752733977470253,1000000000,15:25:03:01.768,0
B,546,752733994174203,1000000000,15:25:03:02.769,0
V,546,752733994174203,1000000000,15:25:03:02.769,0
B,547,752734010867522,1000000000,15:25:03:03.772,0
V,547,752734010867522,1000000000,15:25:03:03.772,0
B,548,752734027549806,1000000000,15:25:03:04.772,0
V,548,752734027549806,1000000000,15:25:03:04.772,0
B,549,752734044248590,1000000000,15:25:03:05.775,0
V,549,752734044248590,1000000000,15:25:03:05.775,0
B,550,752734060947166,1000000000,15:25:03:06.776,0
V,550,752734060947166,1000000000,15:25:03:06.776,0
B,551,752734077640609,1000000000,15:25:03:07.783,0
V,551,752734077640609,1000000000,15:25:03:07.783,0
B,552,752734094322185,1000000000,15:25:03:08.779,0
V,552,752734094322185,1000000000,15:25:03:08.779,0
B,553,752734111027260,1000000000,15:25:03:09.780,0
V,553,752734111027260,1000000000,15:25:03:09.780,0
B,554,752734127715503,1000000000,15:25:03:10.785,0
V,554,752734127715503,1000000000,15:25:03:10.785,0
B,555,752734144416663,1000000000,15:25:03:11.784,0
V,555,752734144416663,1000000000,15:25:03:11.784,0
B,556,752734161109897,1000000000,15:25:03:12.786,0
V,556,752734161109897,1000000000,15:25:03:12.786,0
B,557,752734177802433,1000000000,15:25:03:13.786,0
V,557,752734177802433,1000000000,15:25:03:13.786,0
B,558,752734194494717,1000000000,15:25:03:14.790,0
V,558,752734194494717,1000000000,15:25:03:14.790,0
B,559,752734211180832,1000000000,15:25:03:15.790,0
V,559,752734211180832,1000000000,15:25:03:15.790,0
B,560,752734227874066,1000000000,15:25:03:16.793,0
V,560,752734227874066,1000000000,15:25:03:16.793,0
B,561,752734244556434,1000000000,15:25:03:17.793,0
V,561,752734244556434,1000000000,15:25:03:17.793,0
B,562,752734261265510,1000000000,15:25:03:18.796,0
V,562,752734261265510,1000000000,15:25:03:18.796,0
B,563,752734277952544,1000000000,15:25:03:19.798,0
V,563,752734277952544,1000000000,15:25:03:19.798,0
B,564,752734294654245,1000000000,15:25:03:20.798,0
V,564,752734294654245,1000000000,15:25:03:20.798,0
B,565,752734311347564,1000000000,15:25:03:21.799,0
V,565,752734311347564,1000000000,15:25:03:21.799,0
B,566,752734328042723,1000000000,15:25:03:22.802,0
V,566,752734328042723,1000000000,15:25:03:22.802,0
B,567,752734344733216,1000000000,15:25:03:23.802,0
V,567,752734344733216,1000000000,15:25:03:23.802,0
B,568,752734361417250,1000000000,15:25:03:24.804,0
V,568,752734361417250,1000000000,15:25:03:24.804,0
B,569,752734378103577,1000000000,15:25:03:25.807,0
V,569,752734378103577,1000000000,15:25:03:25.807,0
B,570,752734394796811,1000000000,15:25:03:26.807,0
V,570,752734394796811,1000000000,15:25:03:26.807,0
B,571,752734411496012,1000000000,15:25:03:27.809,0
V,571,752734411496012,1000000000,15:25:03:27.809,0
B,572,752734428195796,1000000000,15:25:03:28.811,0
V,572,752734428195796,1000000000,15:25:03:28.811,0
B,573,752734444887955,1000000000,15:25:03:29.812,0
V,573,752734444887955,1000000000,15:25:03:29.812,0
B,574,752734461581190,1000000000,15:25:03:30.815,0
V,574,752734461581190,1000000000,15:25:03:30.815,0
B,575,752734478281224,1000000000,15:25:03:31.815,0
V,575,752734478281224,1000000000,15:25:03:31.815,0
B,576,752734494974718,1000000000,15:25:03:32.817,0
V,576,752734494974718,1000000000,15:25:03:32.817,0
B,577,752734511662792,1000000000,15:25:03:33.819,0
V,577,752734511662792,1000000000,15:25:03:33.819,0
B,578,752734528351451,1000000000,15:25:03:34.821,0
V,578,752734528351451,1000000000,15:25:03:34.821,0
B,579,752734545044728,1000000000,15:25:03:35.821,0
V,579,752734545044728,1000000000,15:25:03:35.821,0
B,580,752734561733052,1000000000,15:25:03:36.823,0
V,580,752734561733052,1000000000,15:25:03:36.823,0
B,581,752734578426379,1000000000,15:25:03:37.826,0
V,581,752734578426379,1000000000,15:25:03:37.826,0
B,582,752734595131662,1000000000,15:25:03:38.826,0
V,582,752734595131662,1000000000,15:25:03:38.826,0
B,583,752734611824981,1000000000,15:25:03:39.828,0
V,583,752734611824981,1000000000,15:25:03:39.828,0
B,584,752734628513933,1000000000,15:25:03:40.831,0
V,584,752734628513933,1000000000,15:25:03:40.831,0
B,585,752734645210342,1000000000,15:25:03:41.832,0
V,585,752734645210342,1000000000,15:25:03:41.832,0
B,586,752734661905624,1000000000,15:25:03:42.834,0
V,586,752734661905624,1000000000,15:25:03:42.834,0
B,587,752734678582785,1000000000,15:25:03:43.834,0
V,587,752734678582785,1000000000,15:25:03:43.834,0
B,588,752734695276104,1000000000,15:25:03:44.837,0
V,588,752734695276104,1000000000,15:25:03:44.837,0
B,589,752734711967970,1000000000,15:25:03:45.839,0
V,589,752734711967970,1000000000,15:25:03:45.839,0
B,590,752734728667880,1000000000,15:25:03:46.840,0
V,590,752734728667880,1000000000,15:25:03:46.840,0
B,591,752734745356873,1000000000,15:25:03:47.841,0
V,591,752734745356873,1000000000,15:25:03:47.841,0
B,592,752734762050191,1000000000,15:25:03:48.842,0
V,592,752734762050191,1000000000,15:25:03:48.842,0
B,593,752734778749143,1000000000,15:25:03:49.844,0
