ts,label,task,model_file,width,height,seconds,length,steps,sampler,scheduler,ref_image_size,ref_count,warm,ok,wall_s,exec_s,peak_vram_gb,outputs,error
2026-08-06T07:51:24Z,g4000_smoke_t2v,t2v,minimax_h3_fl2va_pruned_int8_convrot.safetensors,608,352,5.0,124,20,res_multistep,simple,match,1,False,False,135.0,,15.0,,server unreachable while polling: [Errno 104] Connection reset by peer
2026-08-06T07:58:16Z,g4000_smoke_t2v_b,t2v,minimax_h3_fl2va_pruned_int8_convrot.safetensors,608,352,5.0,124,20,res_multistep,simple,match,1,False,True,343.4,341.0,22.7,g4000_smoke_t2v_b_00001_.mp4,
2026-08-06T17:58:17Z,g4000_pi8_key_t2v_5s_r0,t2v,minimax_h3_fl2va_pruned_int8_convrot.safetensors,864,480,5,124,20,res_multistep,simple,match,1,False,True,559.7,557.0,20.4,g4000_pi8_key_t2v_5s_r0_00001_.mp4,
2026-08-06T18:07:31Z,g4000_pi8_key_t2v_5s_r1,t2v,minimax_h3_fl2va_pruned_int8_convrot.safetensors,864,480,5,124,20,res_multistep,simple,match,1,True,True,553.4,551.4,20.4,g4000_pi8_key_t2v_5s_r1_00001_.mp4,
2026-08-06T18:16:44Z,g4000_pi8_key_t2v_5s_r2,t2v,minimax_h3_fl2va_pruned_int8_convrot.safetensors,864,480,5,124,20,res_multistep,simple,match,1,True,True,553.4,550.6,20.4,g4000_pi8_key_t2v_5s_r2_00001_.mp4,
2026-08-06T18:26:34Z,g4000_pi8_key_ref2v_1ref_r0,ref2v,minimax_h3_ref2va_pruned_int8_convrot.safetensors,864,480,5,124,20,res_multistep,simple,match,1,False,True,589.8,587.8,19.0,g4000_pi8_key_ref2v_1ref_r0_00001_.mp4,
2026-08-06T18:36:16Z,g4000_pi8_key_ref2v_1ref_r1,ref2v,minimax_h3_ref2va_pruned_int8_convrot.safetensors,864,480,5,124,20,res_multistep,simple,match,1,True,True,582.4,580.1,19.0,g4000_pi8_key_ref2v_1ref_r1_00001_.mp4,
2026-08-06T18:45:55Z,g4000_pi8_key_ref2v_1ref_r2,ref2v,minimax_h3_ref2va_pruned_int8_convrot.safetensors,864,480,5,124,20,res_multistep,simple,match,1,True,True,578.7,575.9,19.0,g4000_pi8_key_ref2v_1ref_r2_00001_.mp4,
2026-08-06T18:45:55Z,g4000_pi8_key_ref2v_8ref_r0,ref2v,minimax_h3_ref2va_pruned_int8_convrot.safetensors,864,480,5,124,20,res_multistep,simple,match,8,True,False,,,,,"HTTP 400: {""error"": {""type"": ""prompt_outputs_failed_validation"", ""message"": ""Prompt outputs failed validation"", ""details"": """", ""extra_info"": {}}, ""node_errors"": {""26"": {""errors"": [{""type"": ""custom_validation_failed"", ""message"": ""Custom validation failed for node"", ""details"": ""image - Invalid image file: bench2_volcano_01.jpg"", ""extra_info"": {""input_name"": ""image""}}], ""dependent_outputs"": [""15""], ""class_type"": ""LoadImage""}}}"
2026-08-06T18:45:56Z,g4000_pi8_key_ref2v_8ref_r1,ref2v,minimax_h3_ref2va_pruned_int8_convrot.safetensors,864,480,5,124,20,res_multistep,simple,match,8,True,False,,,,,"HTTP 400: {""error"": {""type"": ""prompt_outputs_failed_validation"", ""message"": ""Prompt outputs failed validation"", ""details"": """", ""extra_info"": {}}, ""node_errors"": {""26"": {""errors"": [{""type"": ""custom_validation_failed"", ""message"": ""Custom validation failed for node"", ""details"": ""image - Invalid image file: bench2_volcano_01.jpg"", ""extra_info"": {""input_name"": ""image""}}], ""dependent_outputs"": [""15""], ""class_type"": ""LoadImage""}}}"
2026-08-06T18:45:56Z,g4000_pi8_key_ref2v_8ref_r2,ref2v,minimax_h3_ref2va_pruned_int8_convrot.safetensors,864,480,5,124,20,res_multistep,simple,match,8,True,False,,,,,"HTTP 400: {""error"": {""type"": ""prompt_outputs_failed_validation"", ""message"": ""Prompt outputs failed validation"", ""details"": """", ""extra_info"": {}}, ""node_errors"": {""26"": {""errors"": [{""type"": ""custom_validation_failed"", ""message"": ""Custom validation failed for node"", ""details"": ""image - Invalid image file: bench2_volcano_01.jpg"", ""extra_info"": {""input_name"": ""image""}}], ""dependent_outputs"": [""15""], ""class_type"": ""LoadImage""}}}"
2026-08-06T19:21:08Z,g4000_pi8_key_t2v_15s,t2v,minimax_h3_fl2va_pruned_int8_convrot.safetensors,864,480,15,362,20,res_multistep,simple,match,1,True,False,2111.6,,15.0,,server unreachable while polling: <urlopen error [Errno 111] Connection refused>
